{"cameraMode":{"drawMode":0,"name":"Shaded","section":"Shading Mode"},"sceneLighting":true,"audioPlay":false,"sceneViewState":{"m_AlwaysRefresh":false,"showFog":true,"showSkybox":false,"showFlares":true,"showImageEffects":true,"showParticleSystems":true,"showVisualEffectGraphs":true,"m_FxEnabled":true},"in2DMode":false,"pivot":{"x":-61.57802200317383,"y":0.021362513303756715,"z":177.88157653808595},"rotation":{"x":-0.29066702723503115,"y":-0.46342194080352785,"z":0.16529926657676698,"w":-0.821118950843811},"size":1.29710853099823,"orthographic":false}