{"cameraMode":{"drawMode":0,"name":"Shaded","section":"Shading Mode"},"sceneLighting":true,"audioPlay":false,"sceneViewState":{"m_AlwaysRefresh":false,"showFog":true,"showSkybox":false,"showFlares":true,"showImageEffects":true,"showParticleSystems":true,"showVisualEffectGraphs":true,"m_FxEnabled":true},"in2DMode":false,"pivot":{"x":-62.615169525146487,"y":0.4450988173484802,"z":196.62918090820313},"rotation":{"x":0.007991165854036808,"y":-0.9909666180610657,"z":0.11828577518463135,"w":0.06607342511415482},"size":2.666025161743164,"orthographic":false}