{"cameraMode":{"drawMode":0,"name":"Shaded","section":"Shading Mode"},"sceneLighting":true,"audioPlay":false,"sceneViewState":{"m_AlwaysRefresh":false,"showFog":true,"showSkybox":false,"showFlares":true,"showImageEffects":true,"showParticleSystems":true,"showVisualEffectGraphs":true,"m_FxEnabled":true},"in2DMode":false,"pivot":{"x":49.02585983276367,"y":-28.551240921020509,"z":-43.503631591796878},"rotation":{"x":0.29399004578590395,"y":0.05153566971421242,"z":-0.016062108799815179,"w":0.9544413089752197},"size":53.069679260253909,"orthographic":false}