{"cameraMode":{"drawMode":0,"name":"Shaded","section":"Shading Mode"},"sceneLighting":true,"audioPlay":false,"sceneViewState":{"m_AlwaysRefresh":false,"showFog":true,"showSkybox":false,"showFlares":true,"showImageEffects":true,"showParticleSystems":true,"showVisualEffectGraphs":true,"m_FxEnabled":true},"in2DMode":false,"pivot":{"x":-46.617897033691409,"y":16.00453758239746,"z":198.03968811035157},"rotation":{"x":-0.021162353456020356,"y":0.976628303527832,"z":-0.1045188456773758,"w":-0.18821458518505097},"size":14.500338554382325,"orthographic":false}