{"cameraMode":{"drawMode":0,"name":"Shaded","section":"Shading Mode"},"sceneLighting":true,"audioPlay":false,"sceneViewState":{"m_AlwaysRefresh":false,"showFog":true,"showSkybox":false,"showFlares":true,"showImageEffects":true,"showParticleSystems":true,"showVisualEffectGraphs":true,"m_FxEnabled":true},"in2DMode":false,"pivot":{"x":-25.437294006347658,"y":38.9461555480957,"z":-107.67306518554688},"rotation":{"x":0.20750902593135835,"y":0.10713600367307663,"z":-0.02316388674080372,"w":0.9722520112991333},"size":127.74822235107422,"orthographic":false}